<modification>
    <name>Storage Modification</name>
	<version>1.0</version>
	<link>http://www.plazathemes.com/</link>
	<author>Plaza Theme</author>
	<code>tt_flexshop</code>
	
	<file path="catalog/controller/extension/captcha/basic_captcha.php">
		<operation>
			<search><![CDATA[$data['route'] = $this->request->get['route'];]]></search>
			<add position="replace"><![CDATA[
				if(isset($this->request->get['route'])) {
				   $data['route'] = $this->request->get['route'];
				} else {
				   $data['route'] = "common/home";
				}
			]]></add>
		</operation>
	</file>
	
	<file path="catalog/controller/extension/captcha/google_captcha.php">
		<operation>
			<search><![CDATA[$data['route'] = $this->request->get['route'];]]></search>
			<add position="replace"><![CDATA[
				if(isset($this->request->get['route'])) {
				   $data['route'] = $this->request->get['route'];
				} else {
				   $data['route'] = "common/home";
				}
			]]></add>
		</operation>
	</file>
	
	<file path="admin/model/localisation/language.php">
		<operation>
			<search><![CDATA[return $language_id;]]></search>
			<add position="before"><![CDATA[
				$query = $this->db->query("SELECT * FROM " . DB_PREFIX . "cmsblock_description WHERE language_id = '" . (int)$this->config->get('config_language_id') . "'");

				foreach ($query->rows as $cmsblock_description) {
					$this->db->query("INSERT INTO " . DB_PREFIX . "cmsblock_description SET cmsblock_des_id = '" . (int)$cmsblock_description['cmsblock_des_id'] . "', language_id = '" . (int)$language_id . "', cmsblock_id = '" . (int)$cmsblock_description['cmsblock_id'] . "', title = '" . $this->db->escape($cmsblock_description['title']) . "', description = '" . $this->db->escape($cmsblock_description['description']) . "'");
				}
				$this->cache->delete('cmsblock_description');

				$query = $this->db->query("SELECT * FROM " . DB_PREFIX . "article_description WHERE language_id = '" . (int)$this->config->get('config_language_id') . "'");

				foreach ($query->rows as $article_description) {
					$this->db->query("INSERT INTO " . DB_PREFIX . "article_description SET article_id = '" . (int)$article_description['article_id'] . "', language_id = '" . (int)$language_id . "', name = '" . $this->db->escape($article_description['name']) . "', description = '" . $this->db->escape($article_description['description']) . "', intro_text = '" . $this->db->escape($article_description['intro_text']) . "', meta_title = '" . $this->db->escape($article_description['meta_title']) . "', meta_description = '" . $this->db->escape($article_description['meta_description']) . "', meta_keyword = '" . $this->db->escape($article_description['meta_keyword']) . "'");
				}
				$this->cache->delete('article_description');
			]]></add>
		</operation>

		<operation>
		<search><![CDATA[
			$this->db->query("DELETE FROM " . DB_PREFIX . "option_description WHERE language_id = '" . (int)$language_id . "'");
		]]></search>
		<add position="after"><![CDATA[
			$this->db->query("DELETE FROM " . DB_PREFIX . "cmsblock_description WHERE language_id = '" . (int)$language_id . "'");
			$this->db->query("DELETE FROM " . DB_PREFIX . "article_description WHERE language_id = '" . (int)$language_id . "'");
		]]></add>
		</operation>
	</file>
	
	<file path="admin/controller/common/header.php">
        <operation>
            <search><![CDATA[$data['title'] = $this->document->getTitle();]]></search>
            <add position="replace"><![CDATA[
				$data['title'] = strip_tags($this->document->getTitle());
			]]></add>
        </operation>
    </file>

	<file path="admin/controller/design/layout.php">
		<operation>
			<search><![CDATA[$data['text_column_right'] = $this->language->get('text_column_right');]]></search>
			<add position="after"><![CDATA[
				$data['text_block1'] = $this->language->get('text_block1');
				$data['text_block2'] = $this->language->get('text_block2');
				$data['text_block3'] = $this->language->get('text_block3');
				$data['text_block4'] = $this->language->get('text_block4');
				$data['text_block5'] = $this->language->get('text_block5');
				$data['text_block6'] = $this->language->get('text_block6');
				$data['text_block7'] = $this->language->get('text_block7');
			]]></add>
		</operation>
		<operation>
			<search><![CDATA[$this->response->setOutput($this->load->view('design/layout_form', $data));]]></search>
			<add position="replace"><![CDATA[
				$this->response->setOutput($this->load->view('design/layout_plaza_form.tpl', $data));
			]]></add>
		</operation>
	</file>

	<file path="admin/language/en-gb/design/layout.php">
		<operation>
			<search><![CDATA[$_['text_column_right']   = 'Column Right';]]></search>
			<add position="after"><![CDATA[
				$_['text_block1']   = 'Block 1';
				$_['text_block2']   = 'Block 2';
				$_['text_block3']   = 'Block 3';
				$_['text_block4']   = 'Block 4';
				$_['text_block5']   = 'Block 5';
				$_['text_block6']   = 'Block 6';
				$_['text_block7']   = 'Block 7';
			]]></add>
		</operation>
	</file>	
	
	<file path="catalog/controller/common/cart.php">
		<operation>
			<search><![CDATA[$data['text_empty'] = $this->language->get('text_empty');]]></search>
			<add position="after"><![CDATA[
				$data['text_mycart'] = $this->language->get('text_mycart');
				$data['text_items2'] = sprintf($this->language->get('text_items2'), $this->cart->countProducts() + (isset($this->session->data['vouchers']) ? count($this->session->data['vouchers']) : 0), $this->currency->format($total, $this->session->data['currency']));
				$data['text_items3'] = sprintf($this->language->get('text_items3'), $this->cart->countProducts() + (isset($this->session->data['vouchers']) ? count($this->session->data['vouchers']) : 0), $this->currency->format($total, $this->session->data['currency']));
			]]></add>
		</operation>
	</file>
	
	<file path="catalog/controller/common/home.php">
		<operation>
			<search><![CDATA[$this->response->setOutput($this->load->view('common/home', $data));]]></search>
			<add position="before"><![CDATA[
				$data['search'] = $this->load->controller('common/search');
				$data['breadcrumbs'] = array();
				$data['breadcrumbs'][] = array(
					'text' => $this->language->get('text_home'),
					'href' => $this->url->link('common/home')
				);
			]]></add>
		</operation>
	</file>
	
	<file path="catalog/controller/extension/module/category.php">
		<operation>
			<search><![CDATA[if ($category['category_id'] == $data['category_id']) {]]></search>
			<add position="replace"><![CDATA[
				if (true) {
			]]></add>
		</operation>
	</file>

	<file path="catalog/controller/common/header.php">
		<operation>
			<search><![CDATA[$data['telephone'] = $this->config->get('config_telephone');]]></search>
			<add position="after"><![CDATA[
				$data['block1'] = $this->load->controller('common/block1');
				$data['block2'] = $this->load->controller('common/block2');
				$data['block3'] = $this->load->controller('common/block3');
				if ($this->customer->isLogged()) {
					$data['text_message'] = sprintf($this->language->get('text_message2'),$this->customer->getFirstName(),$this->customer->getLastName());
				} else{
					$data['text_message'] = $this->language->get('text_message');
				}
				$data['text_online_shopping'] = $this->language->get('text_online_shopping');
				$data['text_compare'] = $this->language->get('text_compare');
				$data['compare'] = $this->url->link('product/compare', '', true);
				$data['telephone'] = $this->config->get('config_telephone');
				$data['text_phone'] = $this->language->get('text_phone');
			]]></add>
		</operation>
		<operation>
			<search><![CDATA[return $this->load->view('common/header', $data);]]></search>
			<add position="before"><![CDATA[
				if($this->config->get('ocajaxlogin_status')){
					$data['use_ajax_login'] = true;
				}else{
					$data['use_ajax_login'] = false;
				}
			]]></add>
		</operation>
	</file>
	
	<file path="catalog/controller/common/footer.php">
		<operation>
			<search><![CDATA[$data['text_newsletter'] = $this->language->get('text_newsletter');]]></search>
			<add position="after"><![CDATA[		
				$data['text_logo_footer'] = $this->language->get('text_logo_footer');
				$data['text_desc_footer'] = $this->language->get('text_desc_footer');
				$data['text_address'] = $this->language->get('text_address');
				$data['text_email'] = $this->language->get('text_email');
				$data['text_telephone'] = $this->language->get('text_telephone');
				$data['address'] = $this->config->get('config_address');			
				$data['telephone'] = $this->config->get('config_telephone');			
				$data['email'] = $this->config->get('config_email');			
				$data['opentime'] = $this->config->get('config_open');			
				$data['fax'] = $this->config->get('config_fax');
				$data['block7'] = $this->load->controller('common/block7');
				$data['block6'] = $this->load->controller('common/block6');
				$data['block4'] = $this->load->controller('common/block4');
				$data['block5'] = $this->load->controller('common/block5');
				if ($this->request->server['HTTPS']) {
					$server = $this->config->get('config_ssl');
				} else {
					$server = $this->config->get('config_url');
				}
				if (is_file(DIR_IMAGE . $this->config->get('config_logo'))) {
					$data['logo'] = $server . 'image/' . $this->config->get('config_logo');
				} else {
					$data['logo'] = '';
				}
				$data['name'] = $this->config->get('config_name');
				$data['home'] = $this->url->link('common/home');
			]]></add>
		</operation>
		<operation>
			<search><![CDATA['title' => $result['title'],]]></search>
			<add position="after"><![CDATA[		
				'short-des' => utf8_substr(strip_tags(html_entity_decode($result['description'], ENT_QUOTES, 'UTF-8')), 0, 300),
			]]></add>
		</operation>
	</file>
	
	<file path="catalog/controller/extension/module/carousel.php">
		<operation>
			<search><![CDATA[$this->document->addStyle('catalog/view/javascript/jquery/owl-carousel/owl.carousel.css');]]></search>
			<add position="replace"><![CDATA[
				//$this->document->addStyle('catalog/view/javascript/jquery/owl-carousel/owl.carousel.css');
			]]></add>
		</operation>
	</file>
	
	<file path="catalog/controller/extension/module/banner.php">
		<operation>
			<search><![CDATA[$data['banners'] = array();]]></search>
			<add position="after"><![CDATA[
				$this->load->language('extension/module/banner');
				$data['heading_title'] = $this->language->get('heading_title');
				$data['heading_title2'] = $this->language->get('heading_title2');
				$data['text_subtitle'] = $this->language->get('text_subtitle');
			]]></add>
		</operation>
		<operation>
			<search><![CDATA[$this->document->addStyle('catalog/view/javascript/jquery/owl-carousel/owl.carousel.css');]]></search>
			<add position="replace"><![CDATA[
				//$this->document->addStyle('catalog/view/javascript/jquery/owl-carousel/owl.carousel.css');
			]]></add>
		</operation>
	</file>
	
	<file path="catalog/controller/product/category.php">
		<operation>
			<search><![CDATA[foreach ($results as $result) {]]></search>
			<add position="before"><![CDATA[
				/* Get new product */
				$this->load->model('catalog/product');
		
				$data['new_products'] = array();
		
				$filter_data = array(
					'sort'  => 'p.date_added',
					'order' => 'DESC',
					'start' => 0,
					'limit' => 10
				);
		
				$new_results = $this->model_catalog_product->getProducts($filter_data);
				/* End */
			]]></add>
		</operation>
		<operation>
			<search><![CDATA[$data['products'][] = array(]]></search>
			<add position="before"><![CDATA[
				$is_new = false;
				if ($new_results) { 
					foreach($new_results as $new_r) {
						if($result['product_id'] == $new_r['product_id']) {
							$is_new = true;
						}
					}
				}
				if (($this->config->get('config_customer_price') && $this->customer->isLogged()) || !$this->config->get('config_customer_price')) {
					$price_num = $this->tax->calculate($result['price'], $result['tax_class_id'], $this->config->get('config_tax'));
				} else {
					$price_num = false;
				}

				if ((float)$result['special']) {
					$special_num = $this->tax->calculate($result['special'], $result['tax_class_id'], $this->config->get('config_tax'));
				} else {
					$special_num = false;
				}
				/// Product Rotator /
				$product_rotator_status = (int) $this->config->get('ocproductrotator_status');
				if($product_rotator_status == 1) {
				 $this->load->model('catalog/ocproductrotator');
				 $this->load->model('tool/image');
			 
				 $product_id = $result['product_id'];
				 $product_rotator_image = $this->model_catalog_ocproductrotator->getProductRotatorImage($product_id);
			 
				 if($product_rotator_image) {
				  $rotator_image = $this->model_tool_image->resize($product_rotator_image,$this->config->get($this->config->get('config_theme') . '_image_product_width'), $this->config->get($this->config->get('config_theme') . '_image_product_height')); 
				 } else {
				  $rotator_image = false;
				 } 
				} else {
				 $rotator_image = false;    
				}
				/// End Product Rotator /
			]]></add>
		</operation>
		<operation>
			<search><![CDATA[$data['header'] = $this->load->controller('common/header');]]></search>
			<add position="before"><![CDATA[
				$data['text_sale'] = $this->language->get('text_sale');
				$data['text_new'] = $this->language->get('text_new');
				$data['text_byprice'] = $this->language->get('text_byprice');
			]]></add>
		</operation>
		<operation>
			<search><![CDATA['product_id'  => $result['product_id'],]]></search>
			<add position="before"><![CDATA[
				'is_new'      => $is_new,
				'rotator_image' => $rotator_image,
				'price_num'       => $price_num,
				'special_num'     => $special_num,
			]]></add>
		</operation>
	</file>
	
	<file path="catalog/controller/product/product.php">
		<operation>
			<search><![CDATA[$results = $this->model_catalog_product->getProductRelated($this->request->get['product_id']);]]></search>
			<add position="before"><![CDATA[
				/* Get new product */
				$this->load->model('catalog/product');
		
				$data['new_products'] = array();
		
				$filter_data = array(
					'sort'  => 'p.date_added',
					'order' => 'DESC',
					'start' => 0,
					'limit' => 10
				);
		
				$new_results = $this->model_catalog_product->getProducts($filter_data);
				/* End */
			]]></add>
		</operation>
		<operation>
			<search><![CDATA[$data['products'][] = array(]]></search>
			<add position="before"><![CDATA[
				$is_new = false;
				if ($new_results) { 
					foreach($new_results as $new_r) {
						if($result['product_id'] == $new_r['product_id']) {
							$is_new = true;
						}
					}
				}
				if (($this->config->get('config_customer_price') && $this->customer->isLogged()) || !$this->config->get('config_customer_price')) {
					$price_num = $this->tax->calculate($result['price'], $result['tax_class_id'], $this->config->get('config_tax'));
				} else {
					$price_num = false;
				}

				if ((float)$result['special']) {
					$special_num = $this->tax->calculate($result['special'], $result['tax_class_id'], $this->config->get('config_tax'));
				} else {
					$special_num = false;
				}
				/// Product Rotator /
				$product_rotator_status = (int) $this->config->get('ocproductrotator_status');
				if($product_rotator_status == 1) {
				 $this->load->model('catalog/ocproductrotator');
				 $this->load->model('tool/image');
			 
				 $product_id = $result['product_id'];
				 $product_rotator_image = $this->model_catalog_ocproductrotator->getProductRotatorImage($product_id);
			 
				 if($product_rotator_image) {
				  $rotator_image = $this->model_tool_image->resize($product_rotator_image, $this->config->get($this->config->get('config_theme') . '_image_related_width'), $this->config->get($this->config->get('config_theme') . '_image_related_height')); 
				 } else {
				  $rotator_image = false;
				 } 
				} else {
				 $rotator_image = false;    
				}
				/// End Product Rotator /
			]]></add>
		</operation>
		<operation>
			<search><![CDATA[$data['header'] = $this->load->controller('common/header');]]></search>
			<add position="before"><![CDATA[
				$data['text_new'] = $this->language->get('text_new');
				$data['text_sale'] = $this->language->get('text_sale');
			]]></add>
		</operation>
		<operation>
			<search><![CDATA['rating'      => $rating,]]></search>
			<add position="after"><![CDATA[
				'is_new'      => $is_new,
				'rotator_image' => $rotator_image,
				'price_num'       => $price_num,
				'special_num'     => $special_num,
			]]></add>
		</operation>
		<operation>
			<search><![CDATA[$data['header'] = $this->load->controller('common/header');]]></search>
			<add position="after"><![CDATA[
				$data['text_sale'] = $this->language->get('text_sale');
				$data['text_new'] = $this->language->get('text_new');
				$data['text_byprice'] = $this->language->get('text_byprice');
			]]></add>
		</operation>
		<operation>
			<search><![CDATA[$data['description'] = html_entity_decode($product_info['description'], ENT_QUOTES, 'UTF-8');]]></search>
			<add position="after"><![CDATA[
				$data['short_description'] = utf8_substr(strip_tags(html_entity_decode($product_info['description'], ENT_QUOTES, 'UTF-8')), 0, $this->config->get($this->config->get('config_theme') . '_product_description_length')) . '..';
			]]></add>
		</operation>
	</file>
	
	<file path="catalog/controller/product/special.php">
		<operation>
			<search><![CDATA[$data['header'] = $this->load->controller('common/header');]]></search>
			<add position="after"><![CDATA[
				$data['text_new'] = $this->language->get('text_new');
				$data['text_sale'] = $this->language->get('text_sale');
				$data['text_readmore'] = $this->language->get('text_readmore');
			]]></add>
		</operation>
		
		<operation>
			<search><![CDATA[$results = $this->model_catalog_product->getProductSpecials($filter_data);]]></search>
			<add position="after"><![CDATA[
				/* Get new product */
				$this->load->model('catalog/product');
		
				$data['new_products'] = array();
		
				$filter_data = array(
					'sort'  => 'p.date_added',
					'order' => 'DESC',
					'start' => 0,
					'limit' => 10
				);
		
				$new_results = $this->model_catalog_product->getProducts($filter_data);
				/* End */
			]]></add>
		</operation>
		
		<operation>
			<search><![CDATA[$data['products'][] = array(]]></search>
			<add position="before"><![CDATA[
				$is_new = false;
				if ($new_results) { 
					foreach($new_results as $new_r) {
						if($result['product_id'] == $new_r['product_id']) {
							$is_new = true;
						}
					}
				}
				if (($this->config->get('config_customer_price') && $this->customer->isLogged()) || !$this->config->get('config_customer_price')) {
					$price_num = $this->tax->calculate($result['price'], $result['tax_class_id'], $this->config->get('config_tax'));
				} else {
					$price_num = false;
				}

				if ((float)$result['special']) {
					$special_num = $this->tax->calculate($result['special'], $result['tax_class_id'], $this->config->get('config_tax'));
				} else {
					$special_num = false;
				}
				/// Product Rotator /
				$product_rotator_status = (int) $this->config->get('ocproductrotator_status');
				if($product_rotator_status == 1) {
				 $this->load->model('catalog/ocproductrotator');
				 $this->load->model('tool/image');
			 
				 $product_id = $result['product_id'];
				 $product_rotator_image = $this->model_catalog_ocproductrotator->getProductRotatorImage($product_id);
			 
				 if($product_rotator_image) {
				  $rotator_image = $this->model_tool_image->resize($product_rotator_image, $this->config->get($this->config->get('config_theme') . '_image_product_width'), $this->config->get($this->config->get('config_theme') . '_image_product_height')); 
				 } else {
				  $rotator_image = false;
				 } 
				} else {
				 $rotator_image = false;    
				}
				/// End Product Rotator /
			]]></add>
		</operation>
		
		<operation>
			<search><![CDATA['rating'      => $result['rating'],]]></search>
			<add position="after"><![CDATA[
				'is_new'      => $is_new,
				'rotator_image' => $rotator_image,
				'price_num'       => $price_num,
				'special_num'     => $special_num,
			]]></add>
		</operation>
	</file>

	<file path="catalog/controller/product/search.php">
		<operation>
			<search><![CDATA[$data['header'] = $this->load->controller('common/header');]]></search>
			<add position="after"><![CDATA[
				$data['text_sale'] = $this->language->get('text_sale');
				$data['text_new'] = $this->language->get('text_new');
				$data['text_byprice'] = $this->language->get('text_byprice');
				$data['text_readmore'] = $this->language->get('text_readmore');
			]]></add>
		</operation>
		
		<operation>
			<search><![CDATA[$results = $this->model_catalog_product->getProducts($filter_data);]]></search>
			<add position="after"><![CDATA[
				/* Get new product */
				$this->load->model('catalog/product');
		
				$data['new_products'] = array();
		
				$filter_data = array(
					'sort'  => 'p.date_added',
					'order' => 'DESC',
					'start' => 0,
					'limit' => 10
				);
		
				$new_results = $this->model_catalog_product->getProducts($filter_data);
				/* End */
			]]></add>
		</operation>
		
		<operation>
			<search><![CDATA[$data['products'][] = array(]]></search>
			<add position="before"><![CDATA[
				$is_new = false;
				if ($new_results) { 
					foreach($new_results as $new_r) {
						if($result['product_id'] == $new_r['product_id']) {
							$is_new = true;
						}
					}
				}
				if (($this->config->get('config_customer_price') && $this->customer->isLogged()) || !$this->config->get('config_customer_price')) {
					$price_num = $this->tax->calculate($result['price'], $result['tax_class_id'], $this->config->get('config_tax'));
				} else {
					$price_num = false;
				}

				if ((float)$result['special']) {
					$special_num = $this->tax->calculate($result['special'], $result['tax_class_id'], $this->config->get('config_tax'));
				} else {
					$special_num = false;
				}
				/// Product Rotator /
				$product_rotator_status = (int) $this->config->get('ocproductrotator_status');
				if($product_rotator_status == 1) {
				 $this->load->model('catalog/ocproductrotator');
				 $this->load->model('tool/image');
			 
				 $product_id = $result['product_id'];
				 $product_rotator_image = $this->model_catalog_ocproductrotator->getProductRotatorImage($product_id);
			 
				 if($product_rotator_image) {
				  $rotator_image = $this->model_tool_image->resize($product_rotator_image, $this->config->get($this->config->get('config_theme') . '_image_product_width'), $this->config->get($this->config->get('config_theme') . '_image_product_height')); 
				 } else {
				  $rotator_image = false;
				 } 
				} else {
				 $rotator_image = false;    
				}
				/// End Product Rotator /
			]]></add>
		</operation>
		
		<operation>
			<search><![CDATA['rating'      => $result['rating'],]]></search>
			<add position="after"><![CDATA[
				'is_new'      => $is_new,
				'rotator_image' => $rotator_image,
				'price_num'       => $price_num,
				'special_num'     => $special_num,
			]]></add>
		</operation>
	</file>

	<file path="catalog/controller/product/manufacturer.php">
		<operation>
			<search><![CDATA[$data['header'] = $this->load->controller('common/header');]]></search>
			<add position="after"><![CDATA[
				$data['text_sale'] = $this->language->get('text_sale');
				$data['text_new'] = $this->language->get('text_new');
				$data['text_byprice'] = $this->language->get('text_byprice');
				$data['text_readmore'] = $this->language->get('text_readmore');
			]]></add>
		</operation>
		
		<operation>
			<search><![CDATA[$results = $this->model_catalog_product->getProducts($filter_data);]]></search>
			<add position="after"><![CDATA[
				/* Get new product */
				$this->load->model('catalog/product');
		
				$data['new_products'] = array();
		
				$filter_data = array(
					'sort'  => 'p.date_added',
					'order' => 'DESC',
					'start' => 0,
					'limit' => 10
				);
		
				$new_results = $this->model_catalog_product->getProducts($filter_data);
				/* End */
			]]></add>
		</operation>
		
		<operation>
			<search><![CDATA[$data['products'][] = array(]]></search>
			<add position="before"><![CDATA[
				$is_new = false;
				if ($new_results) { 
					foreach($new_results as $new_r) {
						if($result['product_id'] == $new_r['product_id']) {
							$is_new = true;
						}
					}
				}
				if (($this->config->get('config_customer_price') && $this->customer->isLogged()) || !$this->config->get('config_customer_price')) {
					$price_num = $this->tax->calculate($result['price'], $result['tax_class_id'], $this->config->get('config_tax'));
				} else {
					$price_num = false;
				}

				if ((float)$result['special']) {
					$special_num = $this->tax->calculate($result['special'], $result['tax_class_id'], $this->config->get('config_tax'));
				} else {
					$special_num = false;
				}
				/// Product Rotator /
				$product_rotator_status = (int) $this->config->get('ocproductrotator_status');
				if($product_rotator_status == 1) {
				 $this->load->model('catalog/ocproductrotator');
				 $this->load->model('tool/image');
			 
				 $product_id = $result['product_id'];
				 $product_rotator_image = $this->model_catalog_ocproductrotator->getProductRotatorImage($product_id);
			 
				 if($product_rotator_image) {
				  $rotator_image = $this->model_tool_image->resize($product_rotator_image, $this->config->get($this->config->get('config_theme') . '_image_product_width'), $this->config->get($this->config->get('config_theme') . '_image_product_height')); 
				 } else {
				  $rotator_image = false;
				 } 
				} else {
				 $rotator_image = false;    
				}
				/// End Product Rotator /
			]]></add>
		</operation>
		
		<operation>
			<search><![CDATA['rating'      => $result['rating'],]]></search>
			<add position="after"><![CDATA[
				'is_new'      => $is_new,
				'rotator_image' => $rotator_image,
				'price_num'       => $price_num,
				'special_num'     => $special_num,
			]]></add>
		</operation>
	</file>
	
	<file path="catalog/controller/extension/captcha/basic_captcha.php">
        <operation>
            <search><![CDATA[$data['route'] = $this->request->get['route'];]]></search>
            <add position="replace"><![CDATA[
				if(isset($this->request->get['route'])) {
				   $data['route'] = $this->request->get['route'];
				} else {
				   $data['route'] = "common/home";
				}
			]]></add>
        </operation>
    </file>
	
	<file path="catalog/controller/extension/captcha/google_captcha.php">
        <operation>
            <search><![CDATA[$data['route'] = $this->request->get['route'];]]></search>
            <add position="replace"><![CDATA[
				if(isset($this->request->get['route'])) {
				   $data['route'] = $this->request->get['route'];
				} else {
				   $data['route'] = "common/home";
				}
			]]></add>
        </operation>
    </file>
</modification>